<?xml version="1.0" encoding="UTF-8"?>
<!DOCTYPE mapper PUBLIC "-//mybatis.org//DTD Mapper 3.0//EN" "http://mybatis.org/dtd/mybatis-3-mapper.dtd">
<mapper namespace="com.example.artmuseum.dao.PublicinfoDao">

    <resultMap type="com.example.artmuseum.entity.Publicinfo" id="PublicinfoMap">
        <result property="id" column="id" jdbcType="INTEGER"/>
        <result property="imglink" column="imglink" jdbcType="VARCHAR"/>
        <result property="title" column="title" jdbcType="VARCHAR"/>
        <result property="info" column="info" jdbcType="VARCHAR"/>
        <result property="like" column="like" jdbcType="INTEGER"/>
    </resultMap>
<!--插入数据-->
    <insert id="insertByImglinkTitleInfo" keyProperty="id" useGeneratedKeys="true">
    INSERT INTO artmuseum.publicinfo(imglink,title,info) VALUES(#{imglink}, #{title}, #{info})

    </insert>
<!--查询个人收藏-->
    <select id="queryByUserNo" resultMap="PublicinfoMap">
        SELECT id,imglink,title,info,`like` FROM artmuseum.publicinfo WHERE artmuseum.publicinfo.id IN (SELECT imgNo FROM artmuseum.privateinfo WHERE userNo=#{userNo} )
    </select>
<!--搜索 (传入title)-->
    <select id="queryByTitle" resultMap="PublicinfoMap">
    SELECT * FROM publicinfo WHERE title LIKE #{title}
    </select>

    <!--查询单个-->
    <select id="queryById" resultMap="PublicinfoMap">
        select
          id, imglink, title, info, `like`
        from artmuseum.publicinfo
        where id = #{id}
    </select>

    <!--查询指定行数据-->
    <select id="queryAllByLimit" resultMap="PublicinfoMap">
        select
          id, imglink, title, info, `like`
        from artmuseum.publicinfo
        limit #{offset}, #{limit}
    </select>

    <!--通过实体作为筛选条件查询-->
    <select id="queryAll" resultMap="PublicinfoMap">
        select
        id, imglink, title, info, `like`
        from artmuseum.publicinfo
        <where>
            <if test="id != null">
                and id = #{id}
            </if>
            <if test="imglink != null and imglink != ''">
                and imglink = #{imglink}
            </if>
            <if test="title != null and title != ''">
                and title = #{title}
            </if>
            <if test="info != null and info != ''">
                and info = #{info}
            </if>
            <if test="like != null">
                and `like` = #{like}
            </if>
        </where>
    </select>

    <!--新增所有列-->
    <insert id="insert" keyProperty="id" useGeneratedKeys="true">
        insert into artmuseum.publicinfo(imglink, title, info, `like`)
        values (#{imglink}, #{title}, #{info}, #{like})
    </insert>

    <insert id="insertBatch" keyProperty="id" useGeneratedKeys="true">
        insert into artmuseum.publicinfo(imglink, title, info, `like`)
        values
        <foreach collection="entities" item="entity" separator=",">
            (#{entity.imglink}, #{entity.title}, #{entity.info}, #{entity.`like`})
        </foreach>
    </insert>

    <insert id="insertOrUpdateBatch" keyProperty="id" useGeneratedKeys="true">
        insert into artmuseum.publicinfo(imglink, title, info, `like`)
        values
        <foreach collection="entities" item="entity" separator=",">
            (#{entity.imglink}, #{entity.title}, #{entity.info}, #{entity.`like`})
        </foreach>
        on duplicate key update
        imglink = values(imglink) , title = values(title) , info = values(info) , like = values(`like`)
    </insert>

    <!--通过主键修改数据-->
    <update id="update">
        update artmuseum.publicinfo
        <set>
            <if test="imglink != null and imglink != ''">
                imglink = #{imglink},
            </if>
            <if test="title != null and title != ''">
                title = #{title},
            </if>
            <if test="info != null and info != ''">
                info = #{info},
            </if>
            <if test="like != null">
                `like` = #{like},
            </if>
        </set>
        where id = #{id}
    </update>

    <!--通过主键删除-->
    <delete id="deleteById">
        delete from artmuseum.publicinfo where id = #{id}
    </delete>

</mapper>

