<?xml version="1.0" encoding="UTF-8"?>
<!DOCTYPE mapper PUBLIC "-//mybatis.org//DTD Mapper 3.0//EN" "http://mybatis.org/dtd/mybatis-3-mapper.dtd">
<mapper namespace="com.example.artmuseum.dao.UserDao">

    <resultMap type="com.example.artmuseum.entity.User" id="UserMap">
        <result property="id" column="id" jdbcType="INTEGER"/>
        <result property="imgkey" column="imgkey" jdbcType="VARCHAR"/>
        <result property="name" column="name" jdbcType="VARCHAR"/>
    </resultMap>

    <!--    DrunkCat书写部分！！！！！！！！！！！-->
    <!--    查询用户-->
    <select id="queryByImgKey" resultMap="UserMap">
        select
          *
        from artmuseum.user
        where imgkey = #{imgkey}
    </select>

    <!--  user注册 传入(name,imgkey)  -->
    <insert id="insertByNameImgKey" keyProperty="id" useGeneratedKeys="true">
        insert into artmuseum.user(name, imgkey)
        values (#{name},#{imgkey})
    </insert>


    <!--查询单个-->
    <select id="queryById" resultMap="UserMap">
        select
          id, imgkey, name
        from artmuseum.user
        where id = #{id}
    </select>

    <!--查询指定行数据-->
    <select id="queryAllByLimit" resultMap="UserMap">
        select
          id, imgkey, name
        from artmuseum.user
        limit #{offset}, #{limit}
    </select>

    <!--通过实体作为筛选条件查询-->
    <select id="queryAll" resultMap="UserMap">
        select
        id, imgkey, name
        from artmuseum.user
        <where>
            <if test="id != null">
                and id = #{id}
            </if>
            <if test="imgkey != null and imgkey != ''">
                and imgkey = #{imgkey}
            </if>
            <if test="name != null and name != ''">
                and name = #{name}
            </if>
        </where>
    </select>

    <!--新增所有列-->
    <insert id="insert" keyProperty="id" useGeneratedKeys="true">
        insert into artmuseum.user(imgkey, name)
        values (#{imgkey}, #{name})
    </insert>

    <insert id="insertBatch" keyProperty="id" useGeneratedKeys="true">
        insert into artmuseum.user(imgkey, name)
        values
        <foreach collection="entities" item="entity" separator=",">
            (#{entity.imgkey}, #{entity.name})
        </foreach>
    </insert>

    <insert id="insertOrUpdateBatch" keyProperty="id" useGeneratedKeys="true">
        insert into artmuseum.user(imgkey, name)
        values
        <foreach collection="entities" item="entity" separator=",">
            (#{entity.imgkey}, #{entity.name})
        </foreach>
        on duplicate key update
        imgkey = values(imgkey) , name = values(name)
    </insert>

    <!--通过主键修改数据-->
    <update id="update">
        update artmuseum.user
        <set>
            <if test="imgkey != null and imgkey != ''">
                imgkey = #{imgkey},
            </if>
            <if test="name != null and name != ''">
                name = #{name},
            </if>
        </set>
        where id = #{id}
    </update>

    <!--通过主键删除-->
    <delete id="deleteById">
        delete from artmuseum.user where id = #{id}
    </delete>


</mapper>

